{
  "type": "struct",
  "schema-id": 0,
  "fields": [
    {
      "id": 1,
      "name": "customer_id",
      "required": true,
      "type": "string"
    },
    {
      "id": 2,
      "name": "product_id",
      "required": true,
      "type": "string"
    },
    {
      "id": 3,
      "name": "transaction_date",
      "required": true,
      "type": "timestamp"
    },
    {
      "id": 4,
      "name": "amount",
      "required": true,
      "type": "double"
    },
    {
      "id": 5,
      "name": "quantity",
      "required": true,
      "type": "int"
    },
    {
      "id": 6,
      "name": "store_id",
      "required": true,
      "type": "string"
    }
  ]
}