{
  "format-version": 2,
  "table-uuid": "8d076b85-25b7-424c-a06d-cf84ff3ec4de",
  "location": "s3://example-bucket/iceberg-table",
  "last-sequence-number": 1,
  "last-updated-ms": 1741506022494,
  "last-column-id": 6,
  "schema": {
    "type": "struct",
    "schema-id": 0,
    "fields": [
      {
        "id": 1,
        "name": "customer_id",
        "required": true,
        "type": "string"
      },
      {
        "id": 2,
        "name": "product_id",
        "required": true,
        "type": "string"
      },
      {
        "id": 3,
        "name": "transaction_date",
        "required": true,
        "type": "timestamp"
      },
      {
        "id": 4,
        "name": "amount",
        "required": true,
        "type": "double"
      },
      {
        "id": 5,
        "name": "quantity",
        "required": true,
        "type": "int"
      },
      {
        "id": 6,
        "name": "store_id",
        "required": true,
        "type": "string"
      }
    ]
  },
  "current-schema-id": 0,
  "partition-spec": [],
  "default-spec-id": 0,
  "partition-specs": [
    {
      "spec-id": 0,
      "fields": []
    }
  ],
  "last-partition-id": 0,
  "properties": {
    "write.parquet.compression-codec": "snappy",
    "write.object-storage.enabled": "true",
    "write.data.path": "s3://example-bucket/iceberg-table/data"
  },
  "current-snapshot-id": 1,
  "snapshots": [
    {
      "snapshot-id": 1,
      "timestamp-ms": 1741506022494,
      "summary": {
        "operation": "append",
        "added-data-files": "4",
        "total-records": "1000"
      },
      "manifest-list": "metadata/manifest-list.json",
      "schema-id": 0
    }
  ],
  "snapshot-log": [
    {
      "snapshot-id": 1,
      "timestamp-ms": 1741506022494
    }
  ],
  "metadata-log": []
}